{
  "build_type": "api",
  "core_questions": {
    "title": "Main application",
    "description": null,
    "questions": [
      {
        "attribute": "first_name",
        "description": null,
        "label": "First name",
        "required": true,
        "fields": [
          {
            "name": "firstName",
            "selector": null,
            "type": "input",
            "options": [

            ]
          }
        ]
      },
      {
        "attribute": "last_name",
        "description": null,
        "label": "Last name",
        "required": true,
        "fields": [
          {
            "name": "lastName",
            "selector": null,
            "type": "input",
            "options": [

            ]
          }
        ]
      },
      {
        "attribute": "email",
        "description": null,
        "label": "Email",
        "required": true,
        "fields": [
          {
            "name": "email",
            "selector": null,
            "type": "input",
            "options": [

            ]
          }
        ]
      },
      {
        "attribute": "phone_number",
        "description": null,
        "label": "Phone number",
        "required": true,
        "fields": [
          {
            "name": "phone",
            "selector": null,
            "type": "input",
            "options": [

            ]
          }
        ]
      },
      {
        "attribute": "address_applicant",
        "description": null,
        "label": "Address applicant",
        "required": true,
        "fields": [
          {
            "name": "streetAddress",
            "selector": null,
            "type": "input",
            "options": [

            ]
          }
        ]
      },
      {
        "attribute": "city_applicant",
        "description": null,
        "label": "City applicant",
        "required": true,
        "fields": [
          {
            "name": "city",
            "selector": null,
            "type": "input",
            "options": [

            ]
          }
        ]
      },
      {
        "attribute": "state_applicant",
        "description": null,
        "label": "State applicant",
        "required": true,
        "fields": [
          {
            "name": "state",
            "selector": null,
            "type": "select",
            "options": [
              {
                "value": "162",
                "label": "Aberdeen City"
              },
              {
                "value": "161",
                "label": "Aberdeenshire"
              },
              {
                "value": "165",
                "label": "Angus"
              },
              {
                "value": "167",
                "label": "Ards"
              },
              {
                "value": "163",
                "label": "Argyll and Bute"
              },
              {
                "value": "178",
                "label": "Ballymena"
              },
              {
                "value": "179",
                "label": "Ballymoney"
              },
              {
                "value": "181",
                "label": "Banbridge"
              },
              {
                "value": "171",
                "label": "Barking and Dagenham"
              },
              {
                "value": "182",
                "label": "Barnet"
              },
              {
                "value": "184",
                "label": "Barnsley"
              },
              {
                "value": "169",
                "label": "Bath and North East Somerset"
              },
              {
                "value": "115",
                "label": "Bedford"
              },
              {
                "value": "174",
                "label": "Belfast"
              },
              {
                "value": "116",
                "label": "Berkshire"
              },
              {
                "value": "173",
                "label": "Bexley"
              },
              {
                "value": "177",
                "label": "Birmingham"
              },
              {
                "value": "170",
                "label": "Blackburn with Darwen"
              },
              {
                "value": "186",
                "label": "Blackpool"
              },
              {
                "value": "176",
                "label": "Blaenau Gwent"
              },
              {
                "value": "185",
                "label": "Bolton"
              },
              {
                "value": "180",
                "label": "Bournemouth"
              },
              {
                "value": "187",
                "label": "Bracknell Forest"
              },
              {
                "value": "188",
                "label": "Bradford"
              },
              {
                "value": "172",
                "label": "Brent"
              },
              {
                "value": "175",
                "label": "Bridgend"
              },
              {
                "value": "183",
                "label": "Brighton and Hove"
              },
              {
                "value": "190",
                "label": "Bristol, City of"
              },
              {
                "value": "189",
                "label": "Bromley"
              },
              {
                "value": "117",
                "label": "Buckinghamshire"
              },
              {
                "value": "191",
                "label": "Bury"
              },
              {
                "value": "192",
                "label": "Caerphilly"
              },
              {
                "value": "199",
                "label": "Calderdale"
              },
              {
                "value": "118",
                "label": "Cambridgeshire"
              },
              {
                "value": "202",
                "label": "Camden"
              },
              {
                "value": "205",
                "label": "Cardiff"
              },
              {
                "value": "203",
                "label": "Carmarthenshire"
              },
              {
                "value": "197",
                "label": "Carrickfergus"
              },
              {
                "value": "207",
                "label": "Castlereagh"
              },
              {
                "value": "193",
                "label": "Central Bedfordshire"
              },
              {
                "value": "194",
                "label": "Ceredigion"
              },
              {
                "value": "119",
                "label": "Cheshire"
              },
              {
                "value": "196",
                "label": "Cheshire East"
              },
              {
                "value": "160",
                "label": "Cheshire West and Chester"
              },
              {
                "value": "200",
                "label": "Clackmannanshire"
              },
              {
                "value": "201",
                "label": "Coleraine"
              },
              {
                "value": "208",
                "label": "Conwy"
              },
              {
                "value": "198",
                "label": "Cookstown"
              },
              {
                "value": "120",
                "label": "Cornwall"
              },
              {
                "value": "166",
                "label": "County Antrim"
              },
              {
                "value": "168",
                "label": "County Armagh"
              },
              {
                "value": "216",
                "label": "County Down"
              },
              {
                "value": "229",
                "label": "County Fermanagh"
              },
              {
                "value": "368",
                "label": "County Londonderry"
              },
              {
                "value": "369",
                "label": "County Tyrone"
              },
              {
                "value": "204",
                "label": "Coventry"
              },
              {
                "value": "195",
                "label": "Craigavon"
              },
              {
                "value": "206",
                "label": "Croydon"
              },
              {
                "value": "121",
                "label": "Cumbria"
              },
              {
                "value": "209",
                "label": "Darlington"
              },
              {
                "value": "210",
                "label": "Denbighshire"
              },
              {
                "value": "211",
                "label": "Derby"
              },
              {
                "value": "122",
                "label": "Derbyshire"
              },
              {
                "value": "217",
                "label": "Derry"
              },
              {
                "value": "123",
                "label": "Devon"
              },
              {
                "value": "124",
                "label": "Didcot"
              },
              {
                "value": "214",
                "label": "Doncaster"
              },
              {
                "value": "125",
                "label": "Dorset"
              },
              {
                "value": "218",
                "label": "Dudley"
              },
              {
                "value": "213",
                "label": "Dumfries and Galloway"
              },
              {
                "value": "215",
                "label": "Dundee City"
              },
              {
                "value": "212",
                "label": "Dungannon"
              },
              {
                "value": "126",
                "label": "Durham"
              },
              {
                "value": "219",
                "label": "Ealing"
              },
              {
                "value": "220",
                "label": "East Ayrshire"
              },
              {
                "value": "222",
                "label": "East Dunbartonshire"
              },
              {
                "value": "223",
                "label": "East Lothian"
              },
              {
                "value": "226",
                "label": "East Renfrewshire"
              },
              {
                "value": "227",
                "label": "East Riding of Yorkshire"
              },
              {
                "value": "127",
                "label": "East Sussex"
              },
              {
                "value": "221",
                "label": "Edinburgh, City of"
              },
              {
                "value": "224",
                "label": "Eilean Siar"
              },
              {
                "value": "225",
                "label": "Enfield"
              },
              {
                "value": "128",
                "label": "Essex"
              },
              {
                "value": "228",
                "label": "Falkirk"
              },
              {
                "value": "230",
                "label": "Fife"
              },
              {
                "value": "231",
                "label": "Flintshire"
              },
              {
                "value": "232",
                "label": "Gateshead"
              },
              {
                "value": "233",
                "label": "Glasgow City"
              },
              {
                "value": "129",
                "label": "Gloucestershire"
              },
              {
                "value": "370",
                "label": "Greater London"
              },
              {
                "value": "138",
                "label": "Greater Manchester"
              },
              {
                "value": "234",
                "label": "Greenwich"
              },
              {
                "value": "235",
                "label": "Gwynedd"
              },
              {
                "value": "238",
                "label": "Hackney"
              },
              {
                "value": "236",
                "label": "Halton"
              },
              {
                "value": "241",
                "label": "Hammersmith and Fulham"
              },
              {
                "value": "131",
                "label": "Hampshire"
              },
              {
                "value": "245",
                "label": "Haringey"
              },
              {
                "value": "244",
                "label": "Harrow"
              },
              {
                "value": "243",
                "label": "Hartlepool"
              },
              {
                "value": "237",
                "label": "Havering"
              },
              {
                "value": "132",
                "label": "Herefordshire"
              },
              {
                "value": "158",
                "label": "Hertfordshire"
              },
              {
                "value": "240",
                "label": "Highland"
              },
              {
                "value": "239",
                "label": "Hillingdon"
              },
              {
                "value": "242",
                "label": "Hounslow"
              },
              {
                "value": "248",
                "label": "Inverclyde"
              },
              {
                "value": "164",
                "label": "Isle of Anglesey"
              },
              {
                "value": "246",
                "label": "Isle of Wight"
              },
              {
                "value": "362",
                "label": "Isles of Scilly"
              },
              {
                "value": "247",
                "label": "Islington"
              },
              {
                "value": "249",
                "label": "Kensington and Chelsea"
              },
              {
                "value": "133",
                "label": "Kent"
              },
              {
                "value": "250",
                "label": "Kingston upon Hull"
              },
              {
                "value": "252",
                "label": "Kingston upon Thames"
              },
              {
                "value": "251",
                "label": "Kirklees"
              },
              {
                "value": "253",
                "label": "Knowsley"
              },
              {
                "value": "254",
                "label": "Lambeth"
              },
              {
                "value": "134",
                "label": "Lancashire"
              },
              {
                "value": "260",
                "label": "Larne"
              },
              {
                "value": "256",
                "label": "Leeds"
              },
              {
                "value": "255",
                "label": "Leicester"
              },
              {
                "value": "135",
                "label": "Leicestershire"
              },
              {
                "value": "136",
                "label": "Leinster"
              },
              {
                "value": "257",
                "label": "Lewisham"
              },
              {
                "value": "259",
                "label": "Limavady"
              },
              {
                "value": "137",
                "label": "Lincolnshire"
              },
              {
                "value": "261",
                "label": "Lisburn"
              },
              {
                "value": "258",
                "label": "Liverpool"
              },
              {
                "value": "130",
                "label": "London, City of"
              },
              {
                "value": "262",
                "label": "Luton"
              },
              {
                "value": "265",
                "label": "Magherafelt"
              },
              {
                "value": "264",
                "label": "Medway"
              },
              {
                "value": "363",
                "label": "Merseyside"
              },
              {
                "value": "271",
                "label": "Merthyr Tydfil"
              },
              {
                "value": "269",
                "label": "Merton"
              },
              {
                "value": "263",
                "label": "Middlesbrough"
              },
              {
                "value": "159",
                "label": "Middlesex"
              },
              {
                "value": "267",
                "label": "Midlothian"
              },
              {
                "value": "266",
                "label": "Milton Keynes"
              },
              {
                "value": "268",
                "label": "Monmouthshire"
              },
              {
                "value": "270",
                "label": "Moray"
              },
              {
                "value": "272",
                "label": "Moyle"
              },
              {
                "value": "282",
                "label": "Neath Port Talbot"
              },
              {
                "value": "276",
                "label": "Newcastle upon Tyne"
              },
              {
                "value": "284",
                "label": "Newham"
              },
              {
                "value": "285",
                "label": "Newport"
              },
              {
                "value": "287",
                "label": "Newry and Mourne"
              },
              {
                "value": "281",
                "label": "Newtownabbey"
              },
              {
                "value": "139",
                "label": "Norfolk"
              },
              {
                "value": "273",
                "label": "North Ayrshire"
              },
              {
                "value": "274",
                "label": "North Down"
              },
              {
                "value": "275",
                "label": "North East Lincolnshire"
              },
              {
                "value": "278",
                "label": "North Lanarkshire"
              },
              {
                "value": "279",
                "label": "North Lincolnshire"
              },
              {
                "value": "280",
                "label": "North Somerset"
              },
              {
                "value": "283",
                "label": "North Tyneside"
              },
              {
                "value": "286",
                "label": "North Yorkshire"
              },
              {
                "value": "140",
                "label": "Northamptonshire"
              },
              {
                "value": "367",
                "label": "Northern Ireland"
              },
              {
                "value": "141",
                "label": "Northumberland"
              },
              {
                "value": "277",
                "label": "Nottingham"
              },
              {
                "value": "142",
                "label": "Nottinghamshire"
              },
              {
                "value": "288",
                "label": "Oldham"
              },
              {
                "value": "289",
                "label": "Omagh"
              },
              {
                "value": "290",
                "label": "Orkney Islands"
              },
              {
                "value": "143",
                "label": "Oxfordshire"
              },
              {
                "value": "291",
                "label": "Pembrokeshire"
              },
              {
                "value": "292",
                "label": "Perth and Kinross"
              },
              {
                "value": "297",
                "label": "Peterborough"
              },
              {
                "value": "293",
                "label": "Plymouth"
              },
              {
                "value": "294",
                "label": "Poole"
              },
              {
                "value": "295",
                "label": "Portsmouth"
              },
              {
                "value": "296",
                "label": "Powys"
              },
              {
                "value": "302",
                "label": "Reading"
              },
              {
                "value": "301",
                "label": "Redbridge"
              },
              {
                "value": "298",
                "label": "Redcar and Cleveland"
              },
              {
                "value": "303",
                "label": "Renfrewshire"
              },
              {
                "value": "300",
                "label": "Rhondda, Cynon, Taff"
              },
              {
                "value": "304",
                "label": "Richmond upon Thames"
              },
              {
                "value": "299",
                "label": "Rochdale"
              },
              {
                "value": "305",
                "label": "Rotherham"
              },
              {
                "value": "144",
                "label": "Rutland"
              },
              {
                "value": "314",
                "label": "Salford"
              },
              {
                "value": "306",
                "label": "Sandwell"
              },
              {
                "value": "308",
                "label": "Scottish Borders, The"
              },
              {
                "value": "309",
                "label": "Sefton"
              },
              {
                "value": "311",
                "label": "Sheffield"
              },
              {
                "value": "353",
                "label": "Shetland Islands"
              },
              {
                "value": "145",
                "label": "Shropshire"
              },
              {
                "value": "315",
                "label": "Slough"
              },
              {
                "value": "318",
                "label": "Solihull"
              },
              {
                "value": "146",
                "label": "Somerset"
              },
              {
                "value": "307",
                "label": "South Ayrshire"
              },
              {
                "value": "147",
                "label": "South Glamorgan"
              },
              {
                "value": "310",
                "label": "South Gloucestershire"
              },
              {
                "value": "316",
                "label": "South Lanarkshire"
              },
              {
                "value": "326",
                "label": "South Tyneside"
              },
              {
                "value": "364",
                "label": "South Yorkshire"
              },
              {
                "value": "323",
                "label": "Southampton"
              },
              {
                "value": "319",
                "label": "Southend-on-Sea"
              },
              {
                "value": "329",
                "label": "Southwark"
              },
              {
                "value": "312",
                "label": "St. Helens"
              },
              {
                "value": "148",
                "label": "Staffordshire"
              },
              {
                "value": "322",
                "label": "Stirling"
              },
              {
                "value": "313",
                "label": "Stockport"
              },
              {
                "value": "325",
                "label": "Stockton-on-Tees"
              },
              {
                "value": "321",
                "label": "Stoke-on-Trent"
              },
              {
                "value": "320",
                "label": "Strabane"
              },
              {
                "value": "149",
                "label": "Suffolk"
              },
              {
                "value": "317",
                "label": "Sunderland"
              },
              {
                "value": "150",
                "label": "Surrey"
              },
              {
                "value": "324",
                "label": "Sutton"
              },
              {
                "value": "327",
                "label": "Swansea"
              },
              {
                "value": "328",
                "label": "Swindon"
              },
              {
                "value": "330",
                "label": "Tameside"
              },
              {
                "value": "331",
                "label": "Telford and Wrekin"
              },
              {
                "value": "332",
                "label": "Thurrock"
              },
              {
                "value": "333",
                "label": "Torbay"
              },
              {
                "value": "334",
                "label": "Torfaen"
              },
              {
                "value": "336",
                "label": "Tower Hamlets"
              },
              {
                "value": "335",
                "label": "Trafford"
              },
              {
                "value": "366",
                "label": "Tyne and Wear"
              },
              {
                "value": "337",
                "label": "Vale of Glamorgan, The"
              },
              {
                "value": "342",
                "label": "Wakefield"
              },
              {
                "value": "343",
                "label": "Walsall"
              },
              {
                "value": "340",
                "label": "Waltham Forest"
              },
              {
                "value": "346",
                "label": "Wandsworth"
              },
              {
                "value": "350",
                "label": "Warrington"
              },
              {
                "value": "151",
                "label": "Warwickshire"
              },
              {
                "value": "338",
                "label": "West Berkshire"
              },
              {
                "value": "339",
                "label": "West Dunbartonshire"
              },
              {
                "value": "344",
                "label": "West Lothian"
              },
              {
                "value": "152",
                "label": "West Midlands"
              },
              {
                "value": "157",
                "label": "West Sussex"
              },
              {
                "value": "365",
                "label": "West Yorkshire"
              },
              {
                "value": "153",
                "label": "Western Cape"
              },
              {
                "value": "352",
                "label": "Westminster"
              },
              {
                "value": "341",
                "label": "Wigan"
              },
              {
                "value": "154",
                "label": "Wiltshire"
              },
              {
                "value": "347",
                "label": "Windsor and Maidenhead"
              },
              {
                "value": "349",
                "label": "Wirral"
              },
              {
                "value": "348",
                "label": "Wokingham"
              },
              {
                "value": "345",
                "label": "Wolverhampton"
              },
              {
                "value": "155",
                "label": "Worcestershire"
              },
              {
                "value": "351",
                "label": "Wrexham"
              },
              {
                "value": "156",
                "label": "York"
              }
            ]
          }
        ]
      },
      {
        "attribute": "zip_applicant",
        "description": null,
        "label": "Zip applicant",
        "required": true,
        "fields": [
          {
            "name": "zip",
            "selector": null,
            "type": "input",
            "options": [

            ]
          }
        ]
      },
      {
        "attribute": "country_applicant",
        "description": null,
        "label": "Country applicant",
        "required": true,
        "fields": [
          {
            "name": "countryId",
            "selector": null,
            "type": "select",
            "options": [
              {
                "value": "1",
                "label": "United States"
              },
              {
                "value": "2",
                "label": "Canada"
              },
              {
                "value": "3",
                "label": "Australia"
              },
              {
                "value": "4",
                "label": "Afghanistan"
              },
              {
                "value": "5",
                "label": "Albania"
              },
              {
                "value": "6",
                "label": "Algeria"
              },
              {
                "value": "7",
                "label": "American Samoa"
              },
              {
                "value": "8",
                "label": "Andorra"
              },
              {
                "value": "9",
                "label": "Anguilla"
              },
              {
                "value": "10",
                "label": "Angola"
              },
              {
                "value": "11",
                "label": "Antarctica"
              },
              {
                "value": "12",
                "label": "Antigua and Barbuda"
              },
              {
                "value": "13",
                "label": "Argentina"
              },
              {
                "value": "14",
                "label": "Armenia"
              },
              {
                "value": "15",
                "label": "Aruba"
              },
              {
                "value": "16",
                "label": "Austria"
              },
              {
                "value": "17",
                "label": "Azerbaijan"
              },
              {
                "value": "18",
                "label": "Bahamas"
              },
              {
                "value": "19",
                "label": "Bahrain"
              },
              {
                "value": "20",
                "label": "Bangladesh"
              },
              {
                "value": "21",
                "label": "Barbados"
              },
              {
                "value": "22",
                "label": "Belgium"
              },
              {
                "value": "23",
                "label": "Belize"
              },
              {
                "value": "24",
                "label": "Benin"
              },
              {
                "value": "25",
                "label": "Bermuda"
              },
              {
                "value": "26",
                "label": "Bhutan"
              },
              {
                "value": "27",
                "label": "Bolivia"
              },
              {
                "value": "28",
                "label": "Bosnia and Herzegovina"
              },
              {
                "value": "29",
                "label": "Botswana"
              },
              {
                "value": "30",
                "label": "Bouvet Island"
              },
              {
                "value": "31",
                "label": "Brazil"
              },
              {
                "value": "32",
                "label": "British Indian Ocean Territory"
              },
              {
                "value": "33",
                "label": "Brunei Darussalam"
              },
              {
                "value": "34",
                "label": "Bulgaria"
              },
              {
                "value": "35",
                "label": "Burkina Faso"
              },
              {
                "value": "36",
                "label": "Burundi"
              },
              {
                "value": "37",
                "label": "Cambodia"
              },
              {
                "value": "38",
                "label": "Cameroon"
              },
              {
                "value": "39",
                "label": "Cape Verde"
              },
              {
                "value": "40",
                "label": "Cayman Islands"
              },
              {
                "value": "41",
                "label": "Central African Republic"
              },
              {
                "value": "42",
                "label": "Chad"
              },
              {
                "value": "43",
                "label": "Chile"
              },
              {
                "value": "44",
                "label": "China"
              },
              {
                "value": "45",
                "label": "Christmas Island"
              },
              {
                "value": "46",
                "label": "Cocos (Keeling Islands)"
              },
              {
                "value": "47",
                "label": "Colombia"
              },
              {
                "value": "48",
                "label": "Comoros"
              },
              {
                "value": "49",
                "label": "Congo"
              },
              {
                "value": "50",
                "label": "Cook Islands"
              },
              {
                "value": "51",
                "label": "Costa Rica"
              },
              {
                "value": "52",
                "label": "Cote D'Ivoire (Ivory Coast)"
              },
              {
                "value": "53",
                "label": "Croatia (Hrvatska)"
              },
              {
                "value": "54",
                "label": "Cuba"
              },
              {
                "value": "55",
                "label": "Cyprus"
              },
              {
                "value": "56",
                "label": "Czech Republic"
              },
              {
                "value": "57",
                "label": "Denmark"
              },
              {
                "value": "58",
                "label": "Djibouti"
              },
              {
                "value": "59",
                "label": "Dominica"
              },
              {
                "value": "60",
                "label": "Dominican Republic"
              },
              {
                "value": "61",
                "label": "East Timor"
              },
              {
                "value": "62",
                "label": "Egypt"
              },
              {
                "value": "63",
                "label": "El Salvador"
              },
              {
                "value": "64",
                "label": "Ecuador"
              },
              {
                "value": "65",
                "label": "Equatorial Guinea"
              },
              {
                "value": "66",
                "label": "Eritrea"
              },
              {
                "value": "67",
                "label": "Estonia"
              },
              {
                "value": "68",
                "label": "Ethiopia"
              },
              {
                "value": "69",
                "label": "Falkland Islands (Malvinas)"
              },
              {
                "value": "70",
                "label": "Faroe Islands"
              },
              {
                "value": "71",
                "label": "Fiji"
              },
              {
                "value": "72",
                "label": "Finland"
              },
              {
                "value": "73",
                "label": "France"
              },
              {
                "value": "74",
                "label": "France, Metropolitan"
              },
              {
                "value": "75",
                "label": "French Guiana"
              },
              {
                "value": "76",
                "label": "French Polynesia"
              },
              {
                "value": "77",
                "label": "French Southern Territories"
              },
              {
                "value": "78",
                "label": "French West Indies"
              },
              {
                "value": "79",
                "label": "Gabon"
              },
              {
                "value": "80",
                "label": "Gambia"
              },
              {
                "value": "81",
                "label": "Georgia"
              },
              {
                "value": "82",
                "label": "Germany"
              },
              {
                "value": "83",
                "label": "Ghana"
              },
              {
                "value": "84",
                "label": "Gibraltar"
              },
              {
                "value": "85",
                "label": "Greece"
              },
              {
                "value": "86",
                "label": "Greenland"
              },
              {
                "value": "87",
                "label": "Grenada"
              },
              {
                "value": "88",
                "label": "Guadeloupe"
              },
              {
                "value": "89",
                "label": "Guam"
              },
              {
                "value": "90",
                "label": "Guatemala"
              },
              {
                "value": "91",
                "label": "Guinea"
              },
              {
                "value": "92",
                "label": "Guinea-Bissau"
              },
              {
                "value": "93",
                "label": "Guyana"
              },
              {
                "value": "94",
                "label": "Haiti"
              },
              {
                "value": "95",
                "label": "Heard and McDonald Islands"
              },
              {
                "value": "96",
                "label": "Honduras"
              },
              {
                "value": "97",
                "label": "Hong Kong"
              },
              {
                "value": "98",
                "label": "Hungary"
              },
              {
                "value": "99",
                "label": "Iceland"
              },
              {
                "value": "100",
                "label": "India"
              },
              {
                "value": "101",
                "label": "Indonesia"
              },
              {
                "value": "102",
                "label": "Iran"
              },
              {
                "value": "103",
                "label": "Iraq"
              },
              {
                "value": "104",
                "label": "Ireland"
              },
              {
                "value": "105",
                "label": "Israel"
              },
              {
                "value": "106",
                "label": "Italy"
              },
              {
                "value": "107",
                "label": "Jamaica"
              },
              {
                "value": "108",
                "label": "Japan"
              },
              {
                "value": "109",
                "label": "Jordan"
              },
              {
                "value": "110",
                "label": "Kazakhstan"
              },
              {
                "value": "111",
                "label": "Kenya"
              },
              {
                "value": "112",
                "label": "Kiribati"
              },
              {
                "value": "113",
                "label": "Korea (North)"
              },
              {
                "value": "114",
                "label": "Korea (South)"
              },
              {
                "value": "115",
                "label": "Kuwait"
              },
              {
                "value": "116",
                "label": "Kyrgyzstan"
              },
              {
                "value": "117",
                "label": "Laos"
              },
              {
                "value": "118",
                "label": "Latvia"
              },
              {
                "value": "119",
                "label": "Lebanon"
              },
              {
                "value": "120",
                "label": "Lesotho"
              },
              {
                "value": "121",
                "label": "Liberia"
              },
              {
                "value": "122",
                "label": "Libya"
              },
              {
                "value": "123",
                "label": "Liechtenstein"
              },
              {
                "value": "124",
                "label": "Lithuania"
              },
              {
                "value": "125",
                "label": "Luxembourg"
              },
              {
                "value": "126",
                "label": "Macao"
              },
              {
                "value": "127",
                "label": "Macedonia"
              },
              {
                "value": "128",
                "label": "Madagascar"
              },
              {
                "value": "129",
                "label": "Malawi"
              },
              {
                "value": "130",
                "label": "Malaysia"
              },
              {
                "value": "131",
                "label": "Maldives"
              },
              {
                "value": "132",
                "label": "Mali"
              },
              {
                "value": "133",
                "label": "Malta"
              },
              {
                "value": "134",
                "label": "Marshall Islands"
              },
              {
                "value": "135",
                "label": "Martinique"
              },
              {
                "value": "136",
                "label": "Mauritania"
              },
              {
                "value": "137",
                "label": "Mauritius"
              },
              {
                "value": "138",
                "label": "Mayotte"
              },
              {
                "value": "139",
                "label": "Mexico"
              },
              {
                "value": "140",
                "label": "Micronesia"
              },
              {
                "value": "141",
                "label": "Moldova"
              },
              {
                "value": "142",
                "label": "Monaco"
              },
              {
                "value": "143",
                "label": "Mongolia"
              },
              {
                "value": "144",
                "label": "Montenegro"
              },
              {
                "value": "145",
                "label": "Montserrat"
              },
              {
                "value": "146",
                "label": "Morocco"
              },
              {
                "value": "147",
                "label": "Mozambique"
              },
              {
                "value": "148",
                "label": "Namibia"
              },
              {
                "value": "149",
                "label": "Nauru"
              },
              {
                "value": "150",
                "label": "Nepal"
              },
              {
                "value": "151",
                "label": "Netherlands"
              },
              {
                "value": "152",
                "label": "Netherlands Antilles"
              },
              {
                "value": "153",
                "label": "New Caledonia"
              },
              {
                "value": "154",
                "label": "New Zealand"
              },
              {
                "value": "155",
                "label": "Nicaragua"
              },
              {
                "value": "156",
                "label": "Niger"
              },
              {
                "value": "157",
                "label": "Nigeria"
              },
              {
                "value": "158",
                "label": "Niue"
              },
              {
                "value": "159",
                "label": "Norfolk Island"
              },
              {
                "value": "160",
                "label": "Northern Mariana Islands"
              },
              {
                "value": "161",
                "label": "Norway"
              },
              {
                "value": "162",
                "label": "Oman"
              },
              {
                "value": "163",
                "label": "Pakistan"
              },
              {
                "value": "164",
                "label": "Palau"
              },
              {
                "value": "165",
                "label": "Panama"
              },
              {
                "value": "166",
                "label": "Papua New Guinea"
              },
              {
                "value": "167",
                "label": "Paraguay"
              },
              {
                "value": "168",
                "label": "Peru"
              },
              {
                "value": "169",
                "label": "Philippines"
              },
              {
                "value": "170",
                "label": "Pitcairn"
              },
              {
                "value": "171",
                "label": "Poland"
              },
              {
                "value": "172",
                "label": "Portugal"
              },
              {
                "value": "173",
                "label": "Puerto Rico"
              },
              {
                "value": "174",
                "label": "Qatar"
              },
              {
                "value": "175",
                "label": "Rwanda"
              },
              {
                "value": "176",
                "label": "Reunion"
              },
              {
                "value": "177",
                "label": "Romania"
              },
              {
                "value": "178",
                "label": "Russian Federation"
              },
              {
                "value": "179",
                "label": "Samoa"
              },
              {
                "value": "180",
                "label": "San Marino"
              },
              {
                "value": "181",
                "label": "Sao Tome and Principe"
              },
              {
                "value": "182",
                "label": "Saudi Arabia"
              },
              {
                "value": "183",
                "label": "Senegal"
              },
              {
                "value": "184",
                "label": "Serbia"
              },
              {
                "value": "185",
                "label": "Seychelles"
              },
              {
                "value": "186",
                "label": "Sierra Leone"
              },
              {
                "value": "187",
                "label": "Singapore"
              },
              {
                "value": "188",
                "label": "Slovakia"
              },
              {
                "value": "189",
                "label": "Slovenia"
              },
              {
                "value": "190",
                "label": "Solomon Islands"
              },
              {
                "value": "191",
                "label": "South Africa"
              },
              {
                "value": "192",
                "label": "Spain"
              },
              {
                "value": "193",
                "label": "Sri Lanka"
              },
              {
                "value": "194",
                "label": "St. Helena"
              },
              {
                "value": "195",
                "label": "Saint Kitts and Nevis"
              },
              {
                "value": "196",
                "label": "Saint Lucia"
              },
              {
                "value": "197",
                "label": "St. Pierre and Miquelon"
              },
              {
                "value": "198",
                "label": "Saint Vincent and the Grenadines"
              },
              {
                "value": "199",
                "label": "Sudan"
              },
              {
                "value": "200",
                "label": "Suriname"
              },
              {
                "value": "201",
                "label": "Svalbard"
              },
              {
                "value": "202",
                "label": "Swaziland"
              },
              {
                "value": "203",
                "label": "Sweden"
              },
              {
                "value": "204",
                "label": "Switzerland"
              },
              {
                "value": "205",
                "label": "Syria"
              },
              {
                "value": "206",
                "label": "Taiwan"
              },
              {
                "value": "207",
                "label": "Tajikistan"
              },
              {
                "value": "208",
                "label": "Tanzania"
              },
              {
                "value": "209",
                "label": "Thailand"
              },
              {
                "value": "210",
                "label": "Togo"
              },
              {
                "value": "211",
                "label": "Tokelau"
              },
              {
                "value": "212",
                "label": "Tonga"
              },
              {
                "value": "213",
                "label": "Trinidad and Tobago"
              },
              {
                "value": "214",
                "label": "Tunisia"
              },
              {
                "value": "215",
                "label": "Turkey"
              },
              {
                "value": "216",
                "label": "Turkmenistan"
              },
              {
                "value": "217",
                "label": "Turks and Caicos Islands"
              },
              {
                "value": "218",
                "label": "Tuvalu"
              },
              {
                "value": "219",
                "label": "Uganda"
              },
              {
                "value": "220",
                "label": "Ukraine"
              },
              {
                "value": "221",
                "label": "United Arab Emirates"
              },
              {
                "value": "222",
                "label": "United Kingdom"
              },
              {
                "value": "223",
                "label": "US Minor Outlying Islands"
              },
              {
                "value": "224",
                "label": "Uruguay"
              },
              {
                "value": "225",
                "label": "Uzbekistan"
              },
              {
                "value": "226",
                "label": "Vanuatu"
              },
              {
                "value": "227",
                "label": "Vatican City State"
              },
              {
                "value": "228",
                "label": "Venezuela"
              },
              {
                "value": "229",
                "label": "Viet Nam"
              },
              {
                "value": "230",
                "label": "Virgin Islands (British)"
              },
              {
                "value": "231",
                "label": "Virgin Islands, U.S."
              },
              {
                "value": "232",
                "label": "Wallis and Futuna Islands"
              },
              {
                "value": "233",
                "label": "Western Sahara"
              },
              {
                "value": "234",
                "label": "Yemen"
              },
              {
                "value": "235",
                "label": "Yugoslavia"
              },
              {
                "value": "236",
                "label": "Zaire"
              },
              {
                "value": "237",
                "label": "Zambia"
              },
              {
                "value": "238",
                "label": "land Islands"
              },
              {
                "value": "239",
                "label": "Saint Barthlemy"
              },
              {
                "value": "240",
                "label": "Bonaire, Sint Eustatius and Saba"
              },
              {
                "value": "241",
                "label": "Belarus"
              },
              {
                "value": "242",
                "label": "Congo, the Democratic Republic of the"
              },
              {
                "value": "243",
                "label": "Curaao"
              },
              {
                "value": "244",
                "label": "Guernsey"
              },
              {
                "value": "245",
                "label": "South Georgia and the South Sandwich Islands"
              },
              {
                "value": "246",
                "label": "Isle of Man"
              },
              {
                "value": "247",
                "label": "Jersey"
              },
              {
                "value": "248",
                "label": "Myanmar"
              },
              {
                "value": "249",
                "label": "Palestinian Territories"
              },
              {
                "value": "250",
                "label": "Somalia"
              },
              {
                "value": "251",
                "label": "South Sudan"
              },
              {
                "value": "252",
                "label": "Sint Maarten (Dutch part)"
              },
              {
                "value": "253",
                "label": "Zimbabwe"
              },
              {
                "value": "254",
                "label": "Kosovo"
              },
              {
                "value": "255",
                "label": "Kurdistan"
              },
              {
                "value": "256",
                "label": "Saint Martin (French part)"
              }
            ]
          }
        ]
      },
      {
        "attribute": "linkedin",
        "description": null,
        "label": "Linkedin",
        "required": false,
        "fields": [
          {
            "name": "linkedinUrl",
            "selector": null,
            "type": "input",
            "options": [

            ]
          }
        ]
      },
      {
        "attribute": "date_available",
        "description": null,
        "label": "Date available",
        "required": false,
        "fields": [
          {
            "name": "dateAvailable",
            "selector": null,
            "type": "date_picker",
            "options": [

            ]
          }
        ]
      },
      {
        "attribute": "desired_pay",
        "description": null,
        "label": "Desired pay",
        "required": true,
        "fields": [
          {
            "name": "desiredPay",
            "selector": null,
            "type": "input",
            "options": [

            ]
          }
        ]
      },
      {
        "attribute": "website_url",
        "description": null,
        "label": "Website url",
        "required": false,
        "fields": [
          {
            "name": "websiteUrl",
            "selector": null,
            "type": "input",
            "options": [

            ]
          }
        ]
      },
      {
        "attribute": "resume",
        "description": null,
        "label": "Resume",
        "required": true,
        "fields": [
          {
            "name": "resumeFileId",
            "selector": null,
            "type": "upload",
            "options": [

            ]
          }
        ]
      }
    ]
  },
  "additional_questions": {
    "title": "Additional questions",
    "description": null,
    "questions": [
      {
        "attribute": "do_you_have_an_existing_right_to_work_in_the_uk_(uk_citizens",
        "description": null,
        "label": "Do you have an existing right to work in the UK (UK citizenship, visa, settled status etc.)?",
        "required": true,
        "fields": [
          {
            "name": "194",
            "selector": null,
            "type": "boolean",
            "options": [

            ]
          }
        ]
      },
      {
        "attribute": "i_confirm_that_i_have_read_the_hyper_jar_limited_data_privac",
        "description": null,
        "label": "I confirm that I have read the HyperJar Limited Data Privacy Notice for prospective employees and I am happy for HyperJar to store and use my data in line with this policy.  click this link",
        "required": true,
        "fields": [
          {
            "name": "195",
            "selector": null,
            "type": "agreement_checkbox",
            "options": [

            ]
          }
        ]
      },
      {
        "attribute": "i_am_aware_that_this_is_an_office_based_role_(london,_paddin",
        "description": null,
        "label": "I am aware that this is an office-based-role (London, Paddingon) that will require a minimum of four days per week in the office.",
        "required": true,
        "fields": [
          {
            "name": "196",
            "selector": null,
            "type": "agreement_checkbox",
            "options": [

            ]
          }
        ]
      }
    ]
  }
}